step,event,reason,promote_fail_reason,shadow_size,eligible_cnt,promoted,cutoff_surprise
1049,RB_SKIP,shadow_too_small,-,7,0,0,-
1097,RB_SKIP,shadow_too_small,-,7,0,0,-
1149,RB_SKIP,shadow_too_small,-,7,0,0,-
1199,RB_SKIP,shadow_too_small,-,7,0,0,-
1249,RB_SKIP,shadow_too_small,-,7,0,0,-
1299,RB_SKIP,shadow_too_small,-,7,0,0,-
1349,RB_SKIP,shadow_too_small,-,7,0,0,-
1399,RB_SKIP,shadow_too_small,-,7,0,0,-
1449,RB_SKIP,shadow_too_small,-,7,0,0,-
1499,RB_SKIP,shadow_too_small,-,7,0,0,-
1548,RB_SKIP,shadow_too_small,-,7,0,0,-
1599,RB_SKIP,shadow_too_small,-,7,0,0,-
1649,RB_SKIP,shadow_too_small,-,7,0,0,-
1045,RB_SKIP,shadow_too_small,-,4,0,0,-
1099,RB_SKIP,shadow_too_small,-,15,0,0,-
1149,RB_START,32,55,55,0.08106541633605957,0.08106541633605957,0.1363439628803215,1,6,12,0.33,0
1149,RB_DONE,6,6,6,6,1,1,6,0,0.33,0.08106541633605957,0.1363439628803215,-
1196,RB_START,55,55,55,0.07892215251922607,0.07892215251922607,0.09407298195072622,1,6,12,0.33,0
1196,RB_DONE,6,6,6,6,1,1,6,0,0.33,0.07892215251922607,0.09407298195072622,-
1249,RB_START,81,55,55,0.06798148155212402,0.06798148155212402,0.07369208796977832,2,6,12,0.33,0
1249,RB_DONE,6,6,6,6,2,2,6,0,0.33,0.06798148155212402,0.07369208796977832,-
1299,RB_START,54,55,55,0.06180989742279053,0.06180989742279053,0.06819938598045344,6,6,14,0.33,0
1299,RB_DONE,6,6,6,6,6,6,6,0,0.33,0.06180989742279053,0.06819938598045344,-
1349,RB_START,72,55,55,0.04990285634994507,0.04990285634994507,0.05347013535587322,3,6,14,0.33,0
1349,RB_DONE,6,6,6,6,3,3,6,0,0.33,0.04990285634994507,0.05347013535587322,-
1397,RB_START,95,55,55,0.03766202926635742,0.03766202926635742,0.04394547945061168,3,6,14,0.33,0
1397,RB_DONE,6,6,6,6,3,3,6,0,0.33,0.03766202926635742,0.04394547945061168,-
1449,RB_START,67,55,55,0.027713239192962646,0.027713239192962646,0.03571528528930108,2,6,14,0.33,0
1449,RB_DONE,6,6,6,6,2,2,6,0,0.33,0.027713239192962646,0.03571528528930108,-
1498,RB_START,95,55,55,0.0270654559135437,0.0270654559135437,0.034647746569793574,4,6,13,0.33,0
1498,RB_DONE,6,6,6,6,4,4,6,0,0.33,0.0270654559135437,0.034647746569793574,-
1549,RB_START,64,55,55,0.03390097618103027,0.03390097618103027,0.040346160649916765,8,6,13,0.33,0
1549,RB_DONE,6,6,6,6,8,8,6,0,0.33,0.03390097618103027,0.040346160649916765,-
1596,RB_START,83,55,55,0.029454946517944336,0.029454946517944336,0.03815392187316595,5,6,14,0.33,0
1596,RB_DONE,6,6,6,6,5,5,6,0,0.33,0.029454946517944336,0.03815392187316595,-
1648,RB_START,57,55,55,0.02637922763824463,0.02637922763824463,0.03371994044316097,3,6,14,0.33,0
1648,RB_DONE,6,6,6,6,3,3,6,0,0.33,0.02637922763824463,0.03371994044316097,-
1698,RB_START,80,55,55,0.021370410919189453,0.021370410919189453,0.03146616171736528,5,6,14,0.33,0
1698,RB_DONE,6,6,6,6,5,5,6,0,0.33,0.021370410919189453,0.03146616171736528,-
1749,RB_START,51,55,55,0.02319037914276123,0.02319037914276123,0.04398425372769641,7,6,14,0.33,0
1749,RB_DONE,6,6,6,6,7,7,6,0,0.33,0.02319037914276123,0.04398425372769641,-
1799,RB_START,73,55,55,0.019663333892822266,0.019663333892822266,0.02570144051657621,4,6,14,0.33,0
1799,RB_DONE,6,6,6,6,4,4,6,0,0.33,0.019663333892822266,0.02570144051657621,-
1849,RB_START,94,55,55,0.01744389533996582,0.01744389533996582,0.023266548120492603,4,6,14,0.33,0
1849,RB_DONE,6,6,6,6,4,4,6,0,0.33,0.01744389533996582,0.023266548120492603,-
1899,RB_START,65,55,55,0.018418550491333008,0.018418550491333008,0.03587638111237136,7,6,14,0.33,0
1899,RB_DONE,6,6,6,6,7,7,6,0,0.33,0.018418550491333008,0.03587638111237136,-
1949,RB_START,87,55,55,0.017511367797851562,0.017511367797851562,0.030995904263915443,2,6,14,0.33,0
1949,RB_DONE,6,6,6,6,2,2,6,0,0.33,0.017511367797851562,0.030995904263915443,-
1996,RB_START,58,55,55,0.019757866859436035,0.019757866859436035,0.02412321897263618,5,6,14,0.33,0
1996,RB_DONE,6,6,6,6,5,5,6,0,0.33,0.019757866859436035,0.02412321897263618,-
2048,RB_START,78,55,55,0.017511367797851562,0.017511367797851562,0.023925758173683833,7,6,14,0.33,0
2048,RB_DONE,6,6,6,6,7,7,6,0,0.33,0.017511367797851562,0.023925758173683833,-
2099,RB_START,96,55,55,0.019663333892822266,0.019663333892822266,0.034876786421247474,5,6,14,0.33,0
2099,RB_DONE,6,6,6,6,5,5,6,0,0.33,0.019663333892822266,0.034876786421247474,-
2149,RB_START,67,55,55,0.02142632007598877,0.02142632007598877,0.029957572855086996,8,6,14,0.33,0
2149,RB_DONE,6,6,6,6,8,8,6,0,0.33,0.02142632007598877,0.029957572855086996,-
2199,RB_START,90,55,55,0.02245229482650757,0.02245229482650757,0.032822989885095716,5,6,14,0.33,0
2199,RB_DONE,6,6,6,6,5,5,6,0,0.33,0.02245229482650757,0.032822989885095716,-
2249,RB_START,57,55,55,0.0202484130859375,0.0202484130859375,0.02958722645679835,2,6,14,0.33,0
2249,RB_DONE,6,6,6,6,2,2,6,0,0.33,0.0202484130859375,0.02958722645679835,-
2299,RB_START,77,55,55,0.019469261169433594,0.019469261169433594,0.0229020703861054,6,6,14,0.33,0
2299,RB_DONE,6,6,6,6,6,6,6,0,0.33,0.019469261169433594,0.0229020703861054,-
2348,RB_START,97,55,55,0.018793344497680664,0.018793344497680664,0.028307100281777742,4,6,14,0.33,0
2348,RB_DONE,6,6,6,6,4,4,6,0,0.33,0.018793344497680664,0.028307100281777742,-
2397,RB_START,74,55,55,0.021517693996429443,0.021517693996429443,0.03346246756429115,9,6,14,0.33,0
2397,RB_DONE,6,6,6,6,9,9,6,0,0.33,0.021517693996429443,0.03346246756429115,-
2449,RB_START,98,55,55,0.021387338638305664,0.021387338638305664,0.035896385380152905,4,6,14,0.33,0
2449,RB_DONE,6,6,6,6,4,4,6,0,0.33,0.021387338638305664,0.035896385380152905,-
2498,RB_START,69,55,55,0.01699596643447876,0.01699596643447876,0.02261673713688611,4,6,14,0.33,0
2498,RB_DONE,6,6,6,6,4,4,6,0,0.33,0.01699596643447876,0.02261673713688611,-
2548,RB_START,87,55,55,0.018793344497680664,0.018793344497680664,0.028429256908263888,5,6,14,0.33,0
2548,RB_DONE,6,6,6,6,5,5,6,0,0.33,0.018793344497680664,0.028429256908263888,-
2598,RB_START,58,55,55,0.01699596643447876,0.01699596643447876,0.024227858588829802,5,6,14,0.33,0
2598,RB_DONE,6,6,6,6,5,5,6,0,0.33,0.01699596643447876,0.024227858588829802,-
2649,RB_START,77,55,55,0.015927493572235107,0.015927493572235107,0.02282282286015379,1,6,14,0.33,0
2649,RB_DONE,6,6,6,6,1,1,6,0,0.33,0.015927493572235107,0.02282282286015379,-
2698,RB_START,51,55,55,0.01833343505859375,0.01833343505859375,0.026248943559758618,9,6,14,0.33,0
2698,RB_DONE,6,6,6,6,9,9,6,0,0.33,0.01833343505859375,0.026248943559758618,-
2746,RB_START,70,55,55,0.020509421825408936,0.020509421825408936,0.030215495151550312,6,6,14,0.33,0
2746,RB_DONE,6,6,6,6,6,6,6,0,0.33,0.020509421825408936,0.030215495151550312,-
2799,RB_START,95,55,55,0.01977407932281494,0.01977407932281494,0.028178233693174088,3,6,14,0.33,0
2799,RB_DONE,6,6,6,6,3,3,6,0,0.33,0.01977407932281494,0.028178233693174088,-
2846,RB_START,67,55,55,0.01783895492553711,0.01783895492553711,0.02824686007568588,3,6,14,0.33,0
2846,RB_DONE,6,6,6,6,3,3,6,0,0.33,0.01783895492553711,0.02824686007568588,-
2899,RB_START,90,55,55,0.01934206485748291,0.01934206485748291,0.02685969611873908,3,6,14,0.33,0
2899,RB_DONE,6,6,6,6,3,3,6,0,0.33,0.01934206485748291,0.02685969611873908,-
2949,RB_START,63,55,55,0.017848849296569824,0.017848849296569824,0.029484659036243026,4,6,14,0.33,0
2949,RB_DONE,6,6,6,6,4,4,6,0,0.33,0.017848849296569824,0.029484659036243026,-
2994,RB_START,79,55,55,0.014692127704620361,0.014692127704620361,0.026929389023212222,4,6,14,0.33,0
2994,RB_DONE,6,6,6,6,4,4,6,0,0.33,0.014692127704620361,0.026929389023212222,-
3044,RB_START,100,55,55,0.016208529472351074,0.016208529472351074,0.024277476065886806,7,6,14,0.33,0
3044,RB_DONE,6,6,6,6,7,7,6,0,0.33,0.016208529472351074,0.024277476065886806,-
3097,RB_START,72,55,55,0.018104195594787598,0.018104195594787598,0.03544845722964852,7,6,14,0.33,0
3097,RB_DONE,6,6,6,6,7,7,6,0,0.33,0.018104195594787598,0.03544845722964852,-
3149,RB_START,92,55,55,0.020100176334381104,0.020100176334381104,0.033661192215206234,5,6,14,0.33,0
3149,RB_DONE,6,6,6,6,5,5,6,0,0.33,0.020100176334381104,0.033661192215206234,-
3199,RB_START,61,55,55,0.014371037483215332,0.014371037483215332,0.022416819871369762,6,6,14,0.33,0
3199,RB_DONE,6,6,6,6,6,6,6,0,0.33,0.014371037483215332,0.022416819871369762,-
3248,RB_START,83,55,55,0.015758991241455078,0.015758991241455078,0.029542786354817753,5,6,14,0.33,0
3248,RB_DONE,6,6,6,6,5,5,6,0,0.33,0.015758991241455078,0.029542786354817753,-
3297,RB_START,51,55,55,0.014274895191192627,0.014274895191192627,0.025145367240610124,6,6,14,0.33,0
3297,RB_DONE,6,6,6,6,6,6,6,0,0.33,0.014274895191192627,0.025145367240610124,-
3349,RB_START,70,55,55,0.014371037483215332,0.014371037483215332,0.029654626271453013,5,6,14,0.33,0
3349,RB_DONE,6,6,6,6,5,5,6,0,0.33,0.014371037483215332,0.029654626271453013,-
3395,RB_START,90,55,55,0.01474297046661377,0.01474297046661377,0.031072235059137886,4,6,14,0.33,0
3395,RB_DONE,6,6,6,6,4,4,6,0,0.33,0.01474297046661377,0.031072235059137886,-
3449,RB_START,64,55,55,0.01610875129699707,0.01610875129699707,0.029353072357447992,4,6,14,0.33,0
3449,RB_DONE,6,6,6,6,4,4,6,0,0.33,0.01610875129699707,0.029353072357447992,-
3498,RB_START,87,55,55,0.015342950820922852,0.015342950820922852,0.02282447638770209,3,6,14,0.33,0
3498,RB_DONE,6,6,6,6,3,3,6,0,0.33,0.015342950820922852,0.02282447638770209,-
3549,RB_START,53,55,55,0.015262246131896973,0.015262246131896973,0.028055439017896845,3,6,14,0.33,0
3549,RB_DONE,6,6,6,6,3,3,6,0,0.33,0.015262246131896973,0.028055439017896845,-
3599,RB_START,72,55,55,0.015108227729797363,0.015108227729797363,0.019930390174809635,4,6,14,0.33,0
3599,RB_DONE,6,6,6,6,4,4,6,0,0.33,0.015108227729797363,0.019930390174809635,-
3649,RB_START,93,55,55,0.017122387886047363,0.017122387886047363,0.028763751280006727,4,6,14,0.33,0
3649,RB_DONE,6,6,6,6,4,4,6,0,0.33,0.017122387886047363,0.028763751280006727,-
3699,RB_START,62,55,55,0.016167521476745605,0.016167521476745605,0.026945922581966937,5,6,14,0.33,0
3699,RB_DONE,6,6,6,6,5,5,6,0,0.33,0.016167521476745605,0.026945922581966937,-
3749,RB_START,82,55,55,0.01621067523956299,0.01621067523956299,0.023648675763074747,9,6,14,0.33,0
3749,RB_DONE,6,6,6,6,9,9,6,0,0.33,0.01621067523956299,0.023648675763074747,-
3796,RB_START,54,55,55,0.0162469744682312,0.0162469744682312,0.03425897241000952,3,6,14,0.33,0
3796,RB_DONE,6,6,6,6,3,3,6,0,0.33,0.0162469744682312,0.03425897241000952,-
3849,RB_START,75,55,55,0.017181754112243652,0.017181754112243652,0.02508067067684371,4,6,14,0.33,0
3849,RB_DONE,6,6,6,6,4,4,6,0,0.33,0.017181754112243652,0.02508067067684371,-
3899,RB_START,100,55,55,0.018214821815490723,0.018214821815490723,0.02658834785908953,8,6,14,0.33,0
3899,RB_DONE,6,6,6,6,8,8,6,0,0.33,0.018214821815490723,0.02658834785908953,-
3948,RB_START,68,55,55,0.017181754112243652,0.017181754112243652,0.028482530512089457,5,6,14,0.33,0
3948,RB_DONE,6,6,6,6,5,5,6,0,0.33,0.017181754112243652,0.028482530512089457,-
3999,RB_START,86,55,55,0.016263246536254883,0.016263246536254883,0.02829699431201606,6,6,14,0.33,0
3999,RB_DONE,6,6,6,6,6,6,6,0,0.33,0.016263246536254883,0.02829699431201606,-
4048,RB_START,60,55,55,0.01719266176223755,0.01719266176223755,0.0321000402340884,6,6,14,0.33,0
4048,RB_DONE,6,6,6,6,6,6,6,0,0.33,0.01719266176223755,0.0321000402340884,-
4099,RB_START,87,55,55,0.018109261989593506,0.018109261989593506,0.036209049916548094,4,6,14,0.33,0
4099,RB_DONE,6,6,6,6,4,4,6,0,0.33,0.018109261989593506,0.036209049916548094,-
4149,RB_START,58,55,55,0.018785417079925537,0.018785417079925537,0.03434476769767017,5,6,14,0.33,0
4149,RB_DONE,6,6,6,6,5,5,6,0,0.33,0.018785417079925537,0.03434476769767017,-
4198,RB_START,86,55,55,0.02203589677810669,0.02203589677810669,0.040082979413532796,4,6,14,0.33,0
4198,RB_DONE,6,6,6,6,4,4,6,0,0.33,0.02203589677810669,0.040082979413532796,-
4246,RB_START,97,55,55,0.02203589677810669,0.02203589677810669,0.033192866509557495,8,6,14,0.33,0
4246,RB_DONE,6,6,6,6,8,8,6,0,0.33,0.02203589677810669,0.033192866509557495,-
4297,RB_START,71,55,55,0.02201712131500244,0.02201712131500244,0.03133772358369923,7,6,14,0.33,0
4297,RB_DONE,6,6,6,6,7,7,6,0,0.33,0.02201712131500244,0.03133772358369923,-
4349,RB_START,95,55,55,0.022843360900878906,0.022843360900878906,0.03734215308065959,6,6,14,0.33,0
4349,RB_DONE,6,6,6,6,6,6,6,0,0.33,0.022843360900878906,0.03734215308065959,-
4396,RB_START,65,55,55,0.01939988136291504,0.01939988136291504,0.026166058607494415,7,6,14,0.33,0
4396,RB_DONE,6,6,6,6,7,7,6,0,0.33,0.01939988136291504,0.026166058607494415,-
4447,RB_START,88,55,55,0.021613717079162598,0.021613717079162598,0.03474646976697774,6,6,14,0.33,0
4447,RB_DONE,6,6,6,6,6,6,6,0,0.33,0.021613717079162598,0.03474646976697774,-
4499,RB_START,59,55,55,0.01894688606262207,0.01894688606262207,0.02290557751211135,6,6,14,0.33,0
4499,RB_DONE,6,6,6,6,6,6,6,0,0.33,0.01894688606262207,0.02290557751211135,-
4542,RB_START,77,55,55,0.018861889839172363,0.018861889839172363,0.025500928328712716,6,6,14,0.33,0
4542,RB_DONE,6,6,6,6,6,6,6,0,0.33,0.018861889839172363,0.025500928328712716,-
4599,RB_START,97,55,55,0.017794251441955566,0.017794251441955566,0.025340168446280658,2,6,14,0.33,0
4599,RB_DONE,6,6,6,6,2,2,6,0,0.33,0.017794251441955566,0.025340168446280658,-
4649,RB_START,66,55,55,0.018599987030029297,0.018599987030029297,0.02697414951774666,3,6,14,0.33,0
4649,RB_DONE,6,6,6,6,3,3,6,0,0.33,0.018599987030029297,0.02697414951774666,-
4695,RB_START,85,55,55,0.018861889839172363,0.018861889839172363,0.028595494763444237,1,6,14,0.33,0
4695,RB_DONE,6,6,6,6,1,1,6,0,0.33,0.018861889839172363,0.028595494763444237,-
4749,RB_START,59,55,55,0.01736319065093994,0.01736319065093994,0.02116655013080742,4,6,14,0.33,0
4749,RB_DONE,6,6,6,6,4,4,6,0,0.33,0.01736319065093994,0.02116655013080742,-
4799,RB_START,75,55,55,0.017877936363220215,0.017877936363220215,0.027685450764052162,5,6,14,0.33,0
4799,RB_DONE,6,6,6,6,5,5,6,0,0.33,0.017877936363220215,0.027685450764052162,-
4849,RB_START,52,55,55,0.01576852798461914,0.01576852798461914,0.023412061495337463,3,6,14,0.33,0
4849,RB_DONE,6,6,6,6,3,3,6,0,0.33,0.01576852798461914,0.023412061495337463,-
4899,RB_START,71,55,55,0.016207456588745117,0.016207456588745117,0.021773506955599042,5,6,14,0.33,0
4899,RB_DONE,6,6,6,6,5,5,6,0,0.33,0.016207456588745117,0.021773506955599042,-
4947,RB_START,89,55,55,0.016145527362823486,0.016145527362823486,0.021220460244960746,7,6,14,0.33,0
4947,RB_DONE,6,6,6,6,7,7,6,0,0.33,0.016145527362823486,0.021220460244960746,-
4999,RB_START,59,55,55,0.01518923044204712,0.01518923044204712,0.018676058664831706,5,6,14,0.33,0
4999,RB_DONE,6,6,6,6,5,5,6,0,0.33,0.01518923044204712,0.018676058664831706,-
1049,RB_START,41,55,55,0.03635823726654053,0.03635823726654053,0.05664389907210652,5,6,12,0.33,0
1049,RB_DONE,6,6,6,6,5,5,6,0,0.33,0.03635823726654053,0.05664389907210652,-
1099,RB_START,80,55,55,0.04863709211349487,0.04863709211349487,0.08299242566618018,3,6,12,0.33,0
1099,RB_DONE,6,6,6,6,3,3,6,0,0.33,0.04863709211349487,0.08299242566618018,-
1149,RB_START,66,55,55,0.06192982196807861,0.06192982196807861,0.08079180316535664,3,6,12,0.33,0
1149,RB_DONE,6,6,6,6,3,3,6,0,0.33,0.06192982196807861,0.08079180316535664,-
1199,RB_START,96,55,55,0.06192982196807861,0.06192982196807861,0.08255071652143793,8,6,12,0.33,0
1199,RB_DONE,6,6,6,6,8,8,6,0,0.33,0.06192982196807861,0.08255071652143793,-
1249,RB_START,79,55,55,0.08868658542633057,0.08868658542633057,0.12026193491902668,6,6,12,0.33,0
1249,RB_DONE,6,6,6,6,6,6,6,0,0.33,0.08868658542633057,0.12026193491902668,-
1299,RB_START,66,55,55,0.07970011234283447,0.07970011234283447,0.09115386565351363,4,6,12,0.33,0
1299,RB_DONE,6,6,6,6,4,4,6,0,0.33,0.07970011234283447,0.09115386565351363,-
1349,RB_START,56,50,50,0.06122136116027832,0.06122136116027832,0.06890925768367277,0,6,12,0.5,0
1349,RB_DONE,6,6,6,6,0,0,6,2,0.5,0.06122136116027832,0.06890925768367277,-
1399,RB_START,92,55,55,0.051720380783081055,0.051720380783081055,0.06400431788331973,5,6,12,0.33,0
1399,RB_DONE,6,6,6,6,5,5,6,0,0.33,0.051720380783081055,0.06400431788331973,-
1449,RB_START,79,55,55,0.07561039924621582,0.07561039924621582,0.08612714733364396,8,6,12,0.33,0
1449,RB_DONE,6,6,6,6,8,8,6,0,0.33,0.07561039924621582,0.08612714733364396,-
1499,RB_START,71,55,55,0.05686771869659424,0.05686771869659424,0.08665737432542157,2,6,12,0.33,0
1499,RB_DONE,6,6,6,6,2,2,6,0,0.33,0.05686771869659424,0.08665737432542157,-
1549,RB_START,59,55,55,0.05203580856323242,0.05203580856323242,0.06633344016560346,3,6,12,0.33,0
1549,RB_DONE,6,6,6,6,3,3,6,0,0.33,0.05203580856323242,0.06633344016560346,-
1599,RB_START,98,55,55,0.05397164821624756,0.05397164821624756,0.08417223716312447,3,6,12,0.33,0
1599,RB_DONE,6,6,6,6,3,3,6,0,0.33,0.05397164821624756,0.08417223716312447,-
1649,RB_START,84,55,55,0.048027753829956055,0.048027753829956055,0.05821498375543207,2,6,12,0.33,0
1649,RB_DONE,6,6,6,6,2,2,6,0,0.33,0.048027753829956055,0.05821498375543207,-
1699,RB_START,73,55,55,0.049891531467437744,0.049891531467437744,0.056194959746291025,5,6,12,0.33,0
1699,RB_DONE,6,6,6,6,5,5,6,0,0.33,0.049891531467437744,0.056194959746291025,-
1749,RB_START,66,55,55,0.05516916513442993,0.05516916513442993,0.07374214857489317,4,6,12,0.33,0
1749,RB_DONE,6,6,6,6,4,4,6,0,0.33,0.05516916513442993,0.07374214857489317,-
1799,RB_START,57,55,55,0.05409359931945801,0.05409359931945801,0.06270317873292233,5,6,12,0.33,0
1799,RB_DONE,6,6,6,6,5,5,6,0,0.33,0.05409359931945801,0.06270317873292233,-
1849,RB_START,100,55,55,0.04966628551483154,0.04966628551483154,0.0613440757926139,3,6,12,0.33,0
1849,RB_DONE,6,6,6,6,3,3,6,0,0.33,0.04966628551483154,0.0613440757926139,-
1899,RB_START,93,55,55,0.0411829948425293,0.0411829948425293,0.05125741156239146,3,6,12,0.33,0
1899,RB_DONE,6,6,6,6,3,3,6,0,0.33,0.0411829948425293,0.05125741156239146,-
1949,RB_START,86,55,55,0.03114950656890869,0.03114950656890869,0.04405799828651251,3,6,12,0.33,0
1949,RB_DONE,6,6,6,6,3,3,6,0,0.33,0.03114950656890869,0.04405799828651251,-
1999,RB_START,78,55,55,0.03202337026596069,0.03202337026596069,0.04444475878541649,4,6,12,0.33,0
1999,RB_DONE,6,6,6,6,4,4,6,0,0.33,0.03202337026596069,0.04444475878541649,-
2049,RB_START,71,50,50,0.030692458152770996,0.030692458152770996,0.038855570707064656,1,6,12,0.33,0
2049,RB_DONE,6,6,6,6,1,0,6,1,0.33,0.030692458152770996,0.038855570707064656,-
2099,RB_START,64,55,55,0.030719459056854248,0.030719459056854248,0.059350071663739595,2,6,12,0.33,0
2099,RB_DONE,6,6,6,6,2,2,6,0,0.33,0.030719459056854248,0.059350071663739595,-
2149,RB_START,58,55,55,0.027868986129760742,0.027868986129760742,0.04947675224600673,5,6,13,0.33,0
2149,RB_DONE,6,6,6,6,5,5,6,0,0.33,0.027868986129760742,0.04947675224600673,-
2199,RB_START,52,55,55,0.03697937726974487,0.03697937726974487,0.054566654208970555,2,6,12,0.33,0
2199,RB_DONE,6,6,6,6,2,2,6,0,0.33,0.03697937726974487,0.054566654208970555,-
2249,RB_START,96,55,55,0.03385913372039795,0.03385913372039795,0.04729594267001896,7,6,14,0.33,0
2249,RB_DONE,6,6,6,6,7,7,6,0,0.33,0.03385913372039795,0.04729594267001896,-
2299,RB_START,90,55,55,0.02688133716583252,0.02688133716583252,0.043440222851976254,3,6,14,0.33,0
2299,RB_DONE,6,6,6,6,3,3,6,0,0.33,0.02688133716583252,0.043440222851976254,-
2349,RB_START,84,55,55,0.0287778377532959,0.0287778377532959,0.046880811279923315,3,6,14,0.33,0
2349,RB_DONE,6,6,6,6,3,3,6,0,0.33,0.0287778377532959,0.046880811279923315,-
2399,RB_START,78,55,55,0.025940895080566406,0.025940895080566406,0.042276942204451336,4,6,12,0.33,0
2399,RB_DONE,6,6,6,6,4,4,6,0,0.33,0.025940895080566406,0.042276942204451336,-
2449,RB_START,72,55,55,0.02921426296234131,0.02921426296234131,0.03638836644776153,9,6,14,0.33,0
2449,RB_DONE,6,6,6,6,9,9,6,0,0.33,0.02921426296234131,0.03638836644776153,-
2499,RB_START,66,55,55,0.02712535858154297,0.02712535858154297,0.035649441019002893,5,6,14,0.33,0
2499,RB_DONE,6,6,6,6,5,5,6,0,0.33,0.02712535858154297,0.035649441019002893,-
2549,RB_START,60,55,55,0.025940895080566406,0.025940895080566406,0.03521395357251137,9,6,14,0.33,0
2549,RB_DONE,6,6,6,6,9,9,6,0,0.33,0.025940895080566406,0.03521395357251137,-
2599,RB_START,54,55,55,0.022466421127319336,0.022466421127319336,0.03147982756399304,5,6,12,0.33,0
2599,RB_DONE,6,6,6,6,5,5,6,0,0.33,0.022466421127319336,0.03147982756399304,-
2649,RB_START,98,55,55,0.025940895080566406,0.025940895080566406,0.05505364491853937,4,6,14,0.33,0
2649,RB_DONE,6,6,6,6,4,4,6,0,0.33,0.025940895080566406,0.05505364491853937,-
2699,RB_START,92,55,55,0.036456167697906494,0.036456167697906494,0.06179687373225569,4,6,14,0.33,0
2699,RB_DONE,6,6,6,6,4,4,6,0,0.33,0.036456167697906494,0.06179687373225569,-
2749,RB_START,86,55,55,0.025940895080566406,0.025940895080566406,0.0416219371954822,3,6,14,0.33,0
2749,RB_DONE,6,6,6,6,3,3,6,0,0.33,0.025940895080566406,0.0416219371954822,-
2799,RB_START,80,55,55,0.022466421127319336,0.022466421127319336,0.03390359571754476,4,6,12,0.33,0
2799,RB_DONE,6,6,6,6,4,4,6,0,0.33,0.022466421127319336,0.03390359571754476,-
2849,RB_START,74,55,55,0.030692458152770996,0.030692458152770996,0.055011280405715984,3,6,14,0.33,0
2849,RB_DONE,6,6,6,6,3,3,6,0,0.33,0.030692458152770996,0.055011280405715984,-
2899,RB_START,68,55,55,0.04861104488372803,0.04861104488372803,0.06515072905803908,6,6,14,0.33,0
2899,RB_DONE,6,6,6,6,6,6,6,0,0.33,0.04861104488372803,0.06515072905803908,-
2949,RB_START,62,55,55,0.03988981246948242,0.03988981246948242,0.05192651510238148,6,6,14,0.33,0
2949,RB_DONE,6,6,6,6,6,6,6,0,0.33,0.03988981246948242,0.05192651510238148,-
2999,RB_START,56,55,55,0.03799617290496826,0.03799617290496826,0.04882767950438192,6,6,12,0.33,0
2999,RB_DONE,6,6,6,6,6,6,6,0,0.33,0.03799617290496826,0.04882767950438192,-
3049,RB_START,100,55,55,0.037658870220184326,0.037658870220184326,0.05384022641986273,5,6,14,0.33,0
3049,RB_DONE,6,6,6,6,5,5,6,0,0.33,0.037658870220184326,0.05384022641986273,-
3099,RB_START,94,55,55,0.04418802261352539,0.04418802261352539,0.06118273262958999,4,6,14,0.33,0
3099,RB_DONE,6,6,6,6,4,4,6,0,0.33,0.04418802261352539,0.06118273262958999,-
3149,RB_START,88,55,55,0.04590165615081787,0.04590165615081787,0.056436357511501514,6,6,14,0.33,0
3149,RB_DONE,6,6,6,6,6,6,6,0,0.33,0.04590165615081787,0.056436357511501514,-
3199,RB_START,82,55,55,0.04802131652832031,0.04802131652832031,0.06750174613479154,5,6,12,0.33,0
3199,RB_DONE,6,6,6,6,5,5,6,0,0.33,0.04802131652832031,0.06750174613479154,-
3249,RB_START,76,55,55,0.045346736907958984,0.045346736907958984,0.07146209979375016,4,6,14,0.33,0
3249,RB_DONE,6,6,6,6,4,4,6,0,0.33,0.045346736907958984,0.07146209979375016,-
3299,RB_START,70,55,55,0.04547250270843506,0.04547250270843506,0.06519067629482235,6,6,14,0.33,0
3299,RB_DONE,6,6,6,6,6,6,6,0,0.33,0.04547250270843506,0.06519067629482235,-
3349,RB_START,64,55,55,0.046864867210388184,0.046864867210388184,0.07037154971895164,10,6,14,0.33,0
3349,RB_DONE,6,6,6,6,10,10,6,0,0.33,0.046864867210388184,0.07037154971895164,-
3399,RB_START,58,55,55,0.04208892583847046,0.04208892583847046,0.06700737511850557,7,6,12,0.33,0
3399,RB_DONE,6,6,6,6,7,7,6,0,0.33,0.04208892583847046,0.06700737511850557,-
3449,RB_START,52,55,55,0.038485050201416016,0.038485050201416016,0.05173150019807987,1,6,14,0.33,0
3449,RB_DONE,6,6,6,6,1,1,6,0,0.33,0.038485050201416016,0.05173150019807987,-
3499,RB_START,96,55,55,0.04757660627365112,0.04757660627365112,0.06157051472751504,8,6,14,0.33,0
3499,RB_DONE,6,6,6,6,8,8,6,0,0.33,0.04757660627365112,0.06157051472751504,-
3549,RB_START,90,55,55,0.038826942443847656,0.038826942443847656,0.047805404916136475,6,6,14,0.33,0
3549,RB_DONE,6,6,6,6,6,6,6,0,0.33,0.038826942443847656,0.047805404916136475,-
3599,RB_START,83,55,55,0.04259377717971802,0.04259377717971802,0.050793691417991546,5,6,12,0.33,0
3599,RB_DONE,6,6,6,6,5,5,6,0,0.33,0.04259377717971802,0.050793691417991546,-
3649,RB_START,77,55,55,0.03867840766906738,0.03867840766906738,0.05457317475944916,2,6,13,0.33,0
3649,RB_DONE,6,6,6,6,2,2,6,0,0.33,0.03867840766906738,0.05457317475944916,-
3699,RB_START,71,55,55,0.044647276401519775,0.044647276401519775,0.06465423212708954,8,6,14,0.33,0
3699,RB_DONE,6,6,6,6,8,8,6,0,0.33,0.044647276401519775,0.06465423212708954,-
3749,RB_START,65,55,55,0.0362776517868042,0.0362776517868042,0.05222463711953306,8,6,14,0.33,0
3749,RB_DONE,6,6,6,6,8,8,6,0,0.33,0.0362776517868042,0.05222463711953306,-
3799,RB_START,58,55,55,0.047313570976257324,0.047313570976257324,0.054509544445967006,8,6,12,0.33,0
3799,RB_DONE,6,6,6,6,8,8,6,0,0.33,0.047313570976257324,0.054509544445967006,-
3849,RB_START,52,55,55,0.047313570976257324,0.047313570976257324,0.0649367623466592,5,6,13,0.33,0
3849,RB_DONE,6,6,6,6,5,5,6,0,0.33,0.047313570976257324,0.0649367623466592,-
3899,RB_START,96,55,55,0.05938088893890381,0.05938088893890381,0.09515521109951347,3,6,14,0.33,0
3899,RB_DONE,6,6,6,6,3,3,6,0,0.33,0.05938088893890381,0.09515521109951347,-
3949,RB_START,90,55,55,0.06577819585800171,0.06577819585800171,0.10579604837235149,9,6,14,0.33,0
3949,RB_DONE,6,6,6,6,9,9,6,0,0.33,0.06577819585800171,0.10579604837235149,-
3999,RB_START,83,55,55,0.05132436752319336,0.05132436752319336,0.11247175956867653,5,6,12,0.33,0
3999,RB_DONE,6,6,6,6,5,5,6,0,0.33,0.05132436752319336,0.11247175956867653,-
4049,RB_START,77,55,55,0.04802131652832031,0.04802131652832031,0.07765569794593952,5,6,13,0.33,0
4049,RB_DONE,6,6,6,6,5,5,6,0,0.33,0.04802131652832031,0.07765569794593952,-
4099,RB_START,71,55,55,0.046864867210388184,0.046864867210388184,0.07361314522509108,7,6,14,0.33,0
4099,RB_DONE,6,6,6,6,7,7,6,0,0.33,0.046864867210388184,0.07361314522509108,-
4149,RB_START,65,55,55,0.04504573345184326,0.04504573345184326,0.08144468381045375,1,6,14,0.33,0
4149,RB_DONE,6,6,6,6,1,1,6,0,0.33,0.04504573345184326,0.08144468381045375,-
4199,RB_START,58,55,55,0.04373455047607422,0.04373455047607422,0.05898150145119928,4,6,12,0.33,0
4199,RB_DONE,6,6,6,6,4,4,6,0,0.33,0.04373455047607422,0.05898150145119928,-
4249,RB_START,52,55,55,0.04259377717971802,0.04259377717971802,0.05547866694654045,4,6,13,0.33,0
4249,RB_DONE,6,6,6,6,4,4,6,0,0.33,0.04259377717971802,0.05547866694654045,-
4299,RB_START,96,55,55,0.04259377717971802,0.04259377717971802,0.09517372548139198,10,6,14,0.33,0
4299,RB_DONE,6,6,6,6,10,10,6,0,0.33,0.04259377717971802,0.09517372548139198,-
4349,RB_START,90,55,55,0.04728364944458008,0.04728364944458008,0.06553349334799341,9,6,14,0.33,0
4349,RB_DONE,6,6,6,6,9,9,6,0,0.33,0.04728364944458008,0.06553349334799341,-
4399,RB_START,84,55,55,0.04809224605560303,0.04809224605560303,0.10539268336525008,6,6,12,0.33,0
4399,RB_DONE,6,6,6,6,6,6,6,0,0.33,0.04809224605560303,0.10539268336525008,-
4449,RB_START,78,55,55,0.04996466636657715,0.04996466636657715,0.07584750227812519,7,6,14,0.33,0
4449,RB_DONE,6,6,6,6,7,7,6,0,0.33,0.04996466636657715,0.07584750227812519,-
4499,RB_START,72,55,55,0.05682790279388428,0.05682790279388428,0.11993209321779877,6,6,14,0.33,0
4499,RB_DONE,6,6,6,6,6,6,6,0,0.33,0.05682790279388428,0.11993209321779877,-
4549,RB_START,66,55,55,0.06982886791229248,0.06982886791229248,0.09851415286620156,6,6,14,0.33,0
4549,RB_DONE,6,6,6,6,6,6,6,0,0.33,0.06982886791229248,0.09851415286620156,-
4599,RB_START,60,55,55,0.05695587396621704,0.05695587396621704,0.08004461135608552,4,6,12,0.33,0
4599,RB_DONE,6,6,6,6,4,4,6,0,0.33,0.05695587396621704,0.08004461135608552,-
4649,RB_START,54,55,55,0.049955666065216064,0.049955666065216064,0.07968855125150495,6,6,14,0.33,0
4649,RB_DONE,6,6,6,6,6,6,6,0,0.33,0.049955666065216064,0.07968855125150495,-
4699,RB_START,98,55,55,0.05542796850204468,0.05542796850204468,0.07788491601278477,2,6,14,0.33,0
4699,RB_DONE,6,6,6,6,2,2,6,0,0.33,0.05542796850204468,0.07788491601278477,-
4749,RB_START,92,55,55,0.05204629898071289,0.05204629898071289,0.08011758709818811,5,6,14,0.33,0
4749,RB_DONE,6,6,6,6,5,5,6,0,0.33,0.05204629898071289,0.08011758709818811,-
4799,RB_START,86,55,55,0.05912816524505615,0.05912816524505615,0.10615036699533587,4,6,12,0.33,0
4799,RB_DONE,6,6,6,6,4,4,6,0,0.33,0.05912816524505615,0.10615036699533587,-
4849,RB_START,80,55,55,0.11003583669662476,0.11003583669662476,0.1418047106803158,3,6,14,0.33,0
4849,RB_DONE,6,6,6,6,3,3,6,0,0.33,0.11003583669662476,0.1418047106803158,-
4899,RB_START,74,55,55,0.07328587770462036,0.07328587770462036,0.09438002088378444,3,6,14,0.33,0
4899,RB_DONE,6,6,6,6,3,3,6,0,0.33,0.07328587770462036,0.09438002088378444,-
4949,RB_START,68,55,55,0.06941139698028564,0.06941139698028564,0.10118393126754271,2,6,14,0.33,0
4949,RB_DONE,6,6,6,6,2,2,6,0,0.33,0.06941139698028564,0.10118393126754271,-
4999,RB_START,62,55,55,0.05492466688156128,0.05492466688156128,0.06994128881821533,4,6,12,0.33,0
4999,RB_DONE,6,6,6,6,4,4,6,0,0.33,0.05492466688156128,0.06994128881821533,-
5049,RB_START,56,55,55,0.04745078086853027,0.04745078086853027,0.06230091822844158,4,6,14,0.33,0
5049,RB_DONE,6,6,6,6,4,4,6,0,0.33,0.04745078086853027,0.06230091822844158,-
5099,RB_START,100,50,50,0.04156386852264404,0.04156386852264404,0.060897719451213896,0,6,14,0.5,0
5099,RB_DONE,6,6,6,6,0,0,6,2,0.5,0.04156386852264404,0.060897719451213896,-
5149,RB_START,94,55,55,0.05912816524505615,0.05912816524505615,0.11365531439987014,8,6,14,0.33,0
5149,RB_DONE,6,6,6,6,8,8,6,0,0.33,0.05912816524505615,0.11365531439987014,-
5199,RB_START,88,55,55,0.05738157033920288,0.05738157033920288,0.06796802773240601,4,6,12,0.33,0
5199,RB_DONE,6,6,6,6,4,4,6,0,0.33,0.05738157033920288,0.06796802773240601,-
5249,RB_START,82,55,55,0.05492466688156128,0.05492466688156128,0.07480535144725271,5,6,14,0.33,0
5249,RB_DONE,6,6,6,6,5,5,6,0,0.33,0.05492466688156128,0.07480535144725271,-
5299,RB_START,76,55,55,0.05204629898071289,0.05204629898071289,0.06732165503574145,4,6,14,0.33,0
5299,RB_DONE,6,6,6,6,4,4,6,0,0.33,0.05204629898071289,0.06732165503574145,-
5349,RB_START,70,55,55,0.04970252513885498,0.04970252513885498,0.08819619846246829,5,6,14,0.33,0
5349,RB_DONE,6,6,6,6,5,5,6,0,0.33,0.04970252513885498,0.08819619846246829,-
5399,RB_START,64,55,55,0.04859578609466553,0.04859578609466553,0.07514433353174597,6,6,12,0.33,0
5399,RB_DONE,6,6,6,6,6,6,6,0,0.33,0.04859578609466553,0.07514433353174597,-
5449,RB_START,58,55,55,0.060233235359191895,0.060233235359191895,0.10983230006349634,6,6,14,0.33,0
5449,RB_DONE,6,6,6,6,6,6,6,0,0.33,0.060233235359191895,0.10983230006349634,-
5499,RB_START,52,55,55,0.06317216157913208,0.06317216157913208,0.11639812530888427,7,6,14,0.33,0
5499,RB_DONE,6,6,6,6,7,7,6,0,0.33,0.06317216157913208,0.11639812530888427,-
5549,RB_START,96,55,55,0.07724511623382568,0.07724511623382568,0.11625878105354515,6,6,14,0.33,0
5549,RB_DONE,6,6,6,6,6,6,6,0,0.33,0.07724511623382568,0.11625878105354515,-
5599,RB_START,90,55,55,0.10675793886184692,0.10675793886184692,0.16132610014350512,5,6,12,0.33,0
5599,RB_DONE,6,6,6,6,5,5,6,0,0.33,0.10675793886184692,0.16132610014350512,-
5649,RB_START,84,55,55,0.11666262149810791,0.11666262149810791,0.1555480484104526,6,6,14,0.33,0
5649,RB_DONE,6,6,6,6,6,6,6,0,0.33,0.11666262149810791,0.1555480484104526,-
5699,RB_START,78,55,55,0.13477200269699097,0.13477200269699097,0.1627069829770436,7,6,14,0.33,0
5699,RB_DONE,6,6,6,6,7,7,6,0,0.33,0.13477200269699097,0.1627069829770436,-
5749,RB_START,72,55,55,0.13477200269699097,0.13477200269699097,0.18915368610905875,6,6,14,0.33,0
5749,RB_DONE,6,6,6,6,6,6,6,0,0.33,0.13477200269699097,0.18915368610905875,-
5799,RB_START,66,55,55,0.1386534571647644,0.1386534571647644,0.17723139922205325,7,6,12,0.33,0
5799,RB_DONE,6,6,6,6,7,7,6,0,0.33,0.1386534571647644,0.17723139922205325,-
5849,RB_START,60,55,55,0.13477200269699097,0.13477200269699097,0.18947576692411422,4,6,14,0.33,0
5849,RB_DONE,6,6,6,6,4,4,6,0,0.33,0.13477200269699097,0.18947576692411422,-
5899,RB_START,54,55,55,0.11794590950012207,0.11794590950012207,0.13508121698769,5,6,14,0.33,0
5899,RB_DONE,6,6,6,6,5,5,6,0,0.33,0.11794590950012207,0.13508121698769,-
5949,RB_START,98,55,55,0.0885724425315857,0.0885724425315857,0.10499424032858196,2,6,14,0.33,0
5949,RB_DONE,6,6,6,6,2,2,6,0,0.33,0.0885724425315857,0.10499424032858196,-
5999,RB_START,92,50,50,0.0885724425315857,0.0885724425315857,0.10115611010623121,1,6,12,0.33,0
5999,RB_DONE,6,6,6,6,1,0,6,1,0.33,0.0885724425315857,0.10115611010623121,-
6049,RB_START,86,55,55,0.11341750621795654,0.11341750621795654,0.13282279180445883,8,6,14,0.33,0
6049,RB_DONE,6,6,6,6,8,8,6,0,0.33,0.11341750621795654,0.13282279180445883,-
6099,RB_START,80,55,55,0.11494064331054688,0.11494064331054688,0.13281226869833002,7,6,14,0.33,0
6099,RB_DONE,6,6,6,6,7,7,6,0,0.33,0.11494064331054688,0.13281226869833002,-
6149,RB_START,74,55,55,0.10967826843261719,0.10967826843261719,0.1200449472702089,7,6,14,0.33,0
6149,RB_DONE,6,6,6,6,7,7,6,0,0.33,0.10967826843261719,0.1200449472702089,-
6199,RB_START,68,55,55,0.11494064331054688,0.11494064331054688,0.13661284849244185,5,6,12,0.33,0
6199,RB_DONE,6,6,6,6,5,5,6,0,0.33,0.11494064331054688,0.13661284849244185,-
6249,RB_START,62,55,55,0.10356628894805908,0.10356628894805908,0.1096330947866508,2,6,14,0.33,0
6249,RB_DONE,6,6,6,6,2,2,6,0,0.33,0.10356628894805908,0.1096330947866508,-
6299,RB_START,56,55,55,0.09691035747528076,0.09691035747528076,0.10838400187108947,2,6,14,0.33,0
6299,RB_DONE,6,6,6,6,2,2,6,0,0.33,0.09691035747528076,0.10838400187108947,-
6349,RB_START,100,55,55,0.09649312496185303,0.09649312496185303,0.14811609242119284,5,6,14,0.33,0
6349,RB_DONE,6,6,6,6,5,5,6,0,0.33,0.09649312496185303,0.14811609242119284,-
6399,RB_START,94,55,55,0.09691035747528076,0.09691035747528076,0.1430248346674889,4,6,12,0.33,0
6399,RB_DONE,6,6,6,6,4,4,6,0,0.33,0.09691035747528076,0.1430248346674889,-
6449,RB_START,88,55,55,0.10512995719909668,0.10512995719909668,0.12579885904935642,8,6,14,0.33,0
6449,RB_DONE,6,6,6,6,8,8,6,0,0.33,0.10512995719909668,0.12579885904935642,-
6499,RB_START,82,55,55,0.09471869468688965,0.09471869468688965,0.11991303307721558,5,6,14,0.33,0
6499,RB_DONE,6,6,6,6,5,5,6,0,0.33,0.09471869468688965,0.11991303307721558,-
6549,RB_START,76,55,55,0.09471869468688965,0.09471869468688965,0.09814835459949081,6,6,14,0.33,0
6549,RB_DONE,6,6,6,6,6,6,6,0,0.33,0.09471869468688965,0.09814835459949081,-
6599,RB_START,70,55,55,0.10218530893325806,0.10218530893325806,0.12102412424151734,3,6,12,0.33,0
6599,RB_DONE,6,6,6,6,3,3,6,0,0.33,0.10218530893325806,0.12102412424151734,-
6649,RB_START,64,55,55,0.11341750621795654,0.11341750621795654,0.12859690826832906,6,6,14,0.33,0
6649,RB_DONE,6,6,6,6,6,6,6,0,0.33,0.11341750621795654,0.12859690826832906,-
6699,RB_START,58,55,55,0.09829652309417725,0.09829652309417725,0.11948369470886169,4,6,14,0.33,0
6699,RB_DONE,6,6,6,6,4,4,6,0,0.33,0.09829652309417725,0.11948369470886169,-
6749,RB_START,52,55,55,0.09649312496185303,0.09649312496185303,0.09508083501439388,4,6,14,0.33,0
6749,RB_DONE,6,6,6,6,4,4,6,0,0.33,0.09649312496185303,0.09508083501439388,-
6799,RB_START,96,55,55,0.0898137092590332,0.0898137092590332,0.10971439589313667,5,6,12,0.33,0
6799,RB_DONE,6,6,6,6,5,5,6,0,0.33,0.0898137092590332,0.10971439589313667,-
6849,RB_START,90,55,55,0.09286248683929443,0.09286248683929443,0.10585063201860577,7,6,14,0.33,0
6849,RB_DONE,6,6,6,6,7,7,6,0,0.33,0.09286248683929443,0.10585063201860577,-
6899,RB_START,84,55,55,0.07886064052581787,0.07886064052581787,0.08188609033336512,5,6,14,0.33,0
6899,RB_DONE,6,6,6,6,5,5,6,0,0.33,0.07886064052581787,0.08188609033336512,-
6949,RB_START,78,55,55,0.08773785829544067,0.08773785829544067,0.10385873182808057,8,6,14,0.33,0
6949,RB_DONE,6,6,6,6,8,8,6,0,0.33,0.08773785829544067,0.10385873182808057,-
6999,RB_START,72,55,55,0.08363217115402222,0.08363217115402222,0.09030516600218444,4,6,12,0.33,0
6999,RB_DONE,6,6,6,6,4,4,6,0,0.33,0.08363217115402222,0.09030516600218444,-
7049,RB_START,66,55,55,0.09942781925201416,0.09942781925201416,0.11984299968538159,4,6,14,0.33,0
7049,RB_DONE,6,6,6,6,4,4,6,0,0.33,0.09942781925201416,0.11984299968538159,-
7099,RB_START,60,55,55,0.0885724425315857,0.0885724425315857,0.09453523538757896,8,6,14,0.33,0
7099,RB_DONE,6,6,6,6,8,8,6,0,0.33,0.0885724425315857,0.09453523538757896,-
7149,RB_START,54,55,55,0.0888720154762268,0.0888720154762268,0.0880412406671377,3,6,14,0.33,0
7149,RB_DONE,6,6,6,6,3,3,6,0,0.33,0.0888720154762268,0.0880412406671377,-
7199,RB_START,98,55,55,0.07773298025131226,0.07773298025131226,0.10426746988959959,2,6,12,0.33,0
7199,RB_DONE,6,6,6,6,2,2,6,0,0.33,0.07773298025131226,0.10426746988959959,-
7249,RB_START,92,55,55,0.10159134864807129,0.10159134864807129,0.11242065317422346,7,6,14,0.33,0
7249,RB_DONE,6,6,6,6,7,7,6,0,0.33,0.10159134864807129,0.11242065317422346,-
7299,RB_START,86,55,55,0.08780509233474731,0.08780509233474731,0.09143948620916206,5,6,14,0.33,0
7299,RB_DONE,6,6,6,6,5,5,6,0,0.33,0.08780509233474731,0.09143948620916206,-
7349,RB_START,80,55,55,0.09768891334533691,0.09768891334533691,0.10744539805216403,6,6,14,0.33,0
7349,RB_DONE,6,6,6,6,6,6,6,0,0.33,0.09768891334533691,0.10744539805216403,-
7399,RB_START,74,55,55,0.11466813087463379,0.11466813087463379,0.13547882002521636,4,6,12,0.33,0
7399,RB_DONE,6,6,6,6,4,4,6,0,0.33,0.11466813087463379,0.13547882002521636,-
7449,RB_START,68,55,55,0.08478337526321411,0.08478337526321411,0.10495001279213458,2,6,14,0.33,0
7449,RB_DONE,6,6,6,6,2,2,6,0,0.33,0.08478337526321411,0.10495001279213458,-
7499,RB_START,62,55,55,0.08669638633728027,0.08669638633728027,0.09693973508362339,8,6,14,0.33,0
7499,RB_DONE,6,6,6,6,8,8,6,0,0.33,0.08669638633728027,0.09693973508362339,-
7549,RB_START,56,55,55,0.0791245698928833,0.0791245698928833,0.09187162241566393,4,6,14,0.33,0
7549,RB_DONE,6,6,6,6,4,4,6,0,0.33,0.0791245698928833,0.09187162241566393,-
7599,RB_START,100,55,55,0.0791245698928833,0.0791245698928833,0.11339535413364821,4,6,12,0.33,0
7599,RB_DONE,6,6,6,6,4,4,6,0,0.33,0.0791245698928833,0.11339535413364821,-
7649,RB_START,94,55,55,0.08934736251831055,0.08934736251831055,0.11195768199784387,5,6,14,0.33,0
7649,RB_DONE,6,6,6,6,5,5,6,0,0.33,0.08934736251831055,0.11195768199784387,-
7699,RB_START,88,55,55,0.08669638633728027,0.08669638633728027,0.12667396249940618,6,6,14,0.33,0
7699,RB_DONE,6,6,6,6,6,6,6,0,0.33,0.08669638633728027,0.12667396249940618,-
7749,RB_START,82,55,55,0.11341750621795654,0.11341750621795654,0.16916678058123963,8,6,14,0.33,0
7749,RB_DONE,6,6,6,6,8,8,6,0,0.33,0.11341750621795654,0.16916678058123963,-
7799,RB_START,76,55,55,0.08918511867523193,0.08918511867523193,0.13583756189626972,5,6,12,0.33,0
7799,RB_DONE,6,6,6,6,5,5,6,0,0.33,0.08918511867523193,0.13583756189626972,-
7849,RB_START,70,55,55,0.11728078126907349,0.11728078126907349,0.1456882537521746,2,6,14,0.33,0
7849,RB_DONE,6,6,6,6,2,2,6,0,0.33,0.11728078126907349,0.1456882537521746,-
7899,RB_START,64,55,55,0.11794590950012207,0.11794590950012207,0.15321683326103125,8,6,14,0.33,0
7899,RB_DONE,6,6,6,6,8,8,6,0,0.33,0.11794590950012207,0.15321683326103125,-
7949,RB_START,58,55,55,0.11368823051452637,0.11368823051452637,0.16185475024485818,6,6,14,0.33,0
7949,RB_DONE,6,6,6,6,6,6,6,0,0.33,0.11368823051452637,0.16185475024485818,-
7999,RB_START,52,55,55,0.11484301090240479,0.11484301090240479,0.13201374052573636,6,6,12,0.33,0
7999,RB_DONE,6,6,6,6,6,6,6,0,0.33,0.11484301090240479,0.13201374052573636,-
8049,RB_START,96,55,55,0.12756609916687012,0.12756609916687012,0.15395599888859837,5,6,14,0.33,0
8049,RB_DONE,6,6,6,6,5,5,6,0,0.33,0.12756609916687012,0.15395599888859837,-
8099,RB_START,88,55,55,0.11341750621795654,0.11341750621795654,0.14137021507812556,5,6,14,0.33,0
8099,RB_DONE,6,6,6,6,5,5,6,0,0.33,0.11341750621795654,0.14137021507812556,-
8149,RB_START,77,55,55,0.1236264705657959,0.1236264705657959,0.18117739918459352,9,6,14,0.33,0
8149,RB_DONE,6,6,6,6,9,9,6,0,0.33,0.1236264705657959,0.18117739918459352,-
8199,RB_START,69,55,55,0.11793386936187744,0.11793386936187744,0.1847249336596462,7,6,12,0.33,0
8199,RB_DONE,6,6,6,6,7,7,6,0,0.33,0.11793386936187744,0.1847249336596462,-
8249,RB_START,61,55,55,0.11859381198883057,0.11859381198883057,0.1745681486331693,5,6,14,0.33,0
8249,RB_DONE,6,6,6,6,5,5,6,0,0.33,0.11859381198883057,0.1745681486331693,-
8299,RB_START,55,55,55,0.12786519527435303,0.12786519527435303,0.18593916512042533,6,6,14,0.33,0
8299,RB_DONE,6,6,6,6,6,6,6,0,0.33,0.12786519527435303,0.18593916512042533,-
8349,RB_START,99,55,55,0.12810325622558594,0.12810325622558594,0.18348351883560884,7,6,14,0.33,0
8349,RB_DONE,6,6,6,6,7,7,6,0,0.33,0.12810325622558594,0.18348351883560884,-
8399,RB_START,93,55,55,0.11368823051452637,0.11368823051452637,0.1583661361757052,3,6,12,0.33,0
8399,RB_DONE,6,6,6,6,3,3,6,0,0.33,0.11368823051452637,0.1583661361757052,-
8449,RB_START,84,55,55,0.12810325622558594,0.12810325622558594,0.16089087440086403,5,6,14,0.33,0
8449,RB_DONE,6,6,6,6,5,5,6,0,0.33,0.12810325622558594,0.16089087440086403,-
8499,RB_START,76,55,55,0.12944936752319336,0.12944936752319336,0.175349037632864,6,6,14,0.33,0
8499,RB_DONE,6,6,6,6,6,6,6,0,0.33,0.12944936752319336,0.175349037632864,-
8549,RB_START,69,55,55,0.1283963918685913,0.1283963918685913,0.16007335891092828,8,6,14,0.33,0
8549,RB_DONE,6,6,6,6,8,8,6,0,0.33,0.1283963918685913,0.16007335891092828,-
8599,RB_START,53,55,55,0.12646812200546265,0.12646812200546265,0.14109957444726784,6,6,12,0.33,0
8599,RB_DONE,6,6,6,6,6,6,6,0,0.33,0.12646812200546265,0.14109957444726784,-
8649,RB_START,96,55,55,0.15255582332611084,0.15255582332611084,0.1933152469176649,4,6,14,0.33,0
8649,RB_DONE,6,6,6,6,4,4,6,0,0.33,0.15255582332611084,0.1933152469176649,-
8699,RB_START,89,55,55,0.16425085067749023,0.16425085067749023,0.19830284249549254,12,6,14,0.33,0
8699,RB_DONE,6,6,6,6,12,12,6,0,0.33,0.16425085067749023,0.19830284249549254,-
8749,RB_START,83,55,55,0.12354230880737305,0.12354230880737305,0.16315813006927082,5,6,14,0.33,0
8749,RB_DONE,6,6,6,6,5,5,6,0,0.33,0.12354230880737305,0.16315813006927082,-
8799,RB_START,77,55,55,0.13344675302505493,0.13344675302505493,0.18991446185010882,8,6,12,0.33,0
8799,RB_DONE,6,6,6,6,8,8,6,0,0.33,0.13344675302505493,0.18991446185010882,-
8849,RB_START,71,55,55,0.12625610828399658,0.12625610828399658,0.1526604390443997,5,6,14,0.33,0
8849,RB_DONE,6,6,6,6,5,5,6,0,0.33,0.12625610828399658,0.1526604390443997,-
8899,RB_START,65,55,55,0.12810325622558594,0.12810325622558594,0.19674375019729368,8,6,14,0.33,0
8899,RB_DONE,6,6,6,6,8,8,6,0,0.33,0.12810325622558594,0.19674375019729368,-
8949,RB_START,59,55,55,0.12625610828399658,0.12625610828399658,0.17414677831637843,6,6,14,0.33,0
8949,RB_DONE,6,6,6,6,6,6,6,0,0.33,0.12625610828399658,0.17414677831637843,-
8999,RB_START,53,55,55,0.12354230880737305,0.12354230880737305,0.136309740347778,3,6,12,0.33,0
8999,RB_DONE,6,6,6,6,3,3,6,0,0.33,0.12354230880737305,0.136309740347778,-
9049,RB_START,97,55,55,0.12810325622558594,0.12810325622558594,0.18872915278121538,4,6,14,0.33,0
9049,RB_DONE,6,6,6,6,4,4,6,0,0.33,0.12810325622558594,0.18872915278121538,-
9099,RB_START,91,55,55,0.15255582332611084,0.15255582332611084,0.23349041382989794,7,6,14,0.33,0
9099,RB_DONE,6,6,6,6,7,7,6,0,0.33,0.15255582332611084,0.23349041382989794,-
9149,RB_START,84,55,55,0.12354230880737305,0.12354230880737305,0.18775563485437521,7,6,14,0.33,0
9149,RB_DONE,6,6,6,6,7,7,6,0,0.33,0.12354230880737305,0.18775563485437521,-
9199,RB_START,78,55,55,0.11793386936187744,0.11793386936187744,0.1664291899020996,7,6,12,0.33,0
9199,RB_DONE,6,6,6,6,7,7,6,0,0.33,0.11793386936187744,0.1664291899020996,-
9249,RB_START,72,55,55,0.12660104036331177,0.12660104036331177,0.16455062735938242,5,6,14,0.33,0
9249,RB_DONE,6,6,6,6,5,5,6,0,0.33,0.12660104036331177,0.16455062735938242,-
9299,RB_START,66,55,55,0.11793386936187744,0.11793386936187744,0.13008196287991797,5,6,14,0.33,0
9299,RB_DONE,6,6,6,6,5,5,6,0,0.33,0.11793386936187744,0.13008196287991797,-
9349,RB_START,60,55,55,0.11341750621795654,0.11341750621795654,0.13566156798317852,6,6,14,0.33,0
9349,RB_DONE,6,6,6,6,6,6,6,0,0.33,0.11341750621795654,0.13566156798317852,-
9399,RB_START,54,55,55,0.11341750621795654,0.11341750621795654,0.14303616695454047,5,6,12,0.33,0
9399,RB_DONE,6,6,6,6,5,5,6,0,0.33,0.11341750621795654,0.14303616695454047,-
9449,RB_START,97,55,55,0.12625610828399658,0.12625610828399658,0.16286040135124602,8,6,14,0.33,0
9449,RB_DONE,6,6,6,6,8,8,6,0,0.33,0.12625610828399658,0.16286040135124602,-
9499,RB_START,90,55,55,0.1282179355621338,0.1282179355621338,0.1655907029192116,9,6,14,0.33,0
9499,RB_DONE,6,6,6,6,9,9,6,0,0.33,0.1282179355621338,0.1655907029192116,-
9549,RB_START,83,55,55,0.12646812200546265,0.12646812200546265,0.18672478799307038,6,6,14,0.33,0
9549,RB_DONE,6,6,6,6,6,6,6,0,0.33,0.12646812200546265,0.18672478799307038,-
9599,RB_START,77,55,55,0.12454879283905029,0.12454879283905029,0.18267331032948048,8,6,12,0.33,0
9599,RB_DONE,6,6,6,6,8,8,6,0,0.33,0.12454879283905029,0.18267331032948048,-
9649,RB_START,71,55,55,0.13227123022079468,0.13227123022079468,0.18417155792314246,5,6,14,0.33,0
9649,RB_DONE,6,6,6,6,5,5,6,0,0.33,0.13227123022079468,0.18417155792314246,-
9699,RB_START,65,55,55,0.12810325622558594,0.12810325622558594,0.17533037038808963,5,6,14,0.33,0
9699,RB_DONE,6,6,6,6,5,5,6,0,0.33,0.12810325622558594,0.17533037038808963,-
9749,RB_START,59,55,55,0.13227123022079468,0.13227123022079468,0.18742502205210287,6,6,14,0.33,0
9749,RB_DONE,6,6,6,6,6,6,6,0,0.33,0.13227123022079468,0.18742502205210287,-
9799,RB_START,53,55,55,0.13994574546813965,0.13994574546813965,0.1787603240379191,10,6,12,0.33,0
9799,RB_DONE,6,6,6,6,10,10,6,0,0.33,0.13994574546813965,0.1787603240379191,-
9849,RB_START,97,55,55,0.14926683902740479,0.14926683902740479,0.21694269138595274,8,6,14,0.33,0
9849,RB_DONE,6,6,6,6,8,8,6,0,0.33,0.14926683902740479,0.21694269138595274,-
9899,RB_START,90,55,55,0.1467740535736084,0.1467740535736084,0.18412964989250702,8,6,14,0.33,0
9899,RB_DONE,6,6,6,6,8,8,6,0,0.33,0.1467740535736084,0.18412964989250702,-
9949,RB_START,84,55,55,0.1429424285888672,0.1429424285888672,0.18614557519602615,6,6,14,0.33,0
9949,RB_DONE,6,6,6,6,6,6,6,0,0.33,0.1429424285888672,0.18614557519602615,-
9999,RB_START,78,55,55,0.1282179355621338,0.1282179355621338,0.16357214465968622,7,6,12,0.33,0
9999,RB_DONE,6,6,6,6,7,7,6,0,0.33,0.1282179355621338,0.16357214465968622,-
10049,RB_START,71,55,55,0.13559389114379883,0.13559389114379883,0.19917642551753054,3,6,14,0.33,0
10049,RB_DONE,6,6,6,6,3,3,6,0,0.33,0.13559389114379883,0.19917642551753054,-
10099,RB_START,65,55,55,0.13895785808563232,0.13895785808563232,0.1791294088071366,2,6,14,0.33,0
10099,RB_DONE,6,6,6,6,2,2,6,0,0.33,0.13895785808563232,0.1791294088071366,-
10149,RB_START,57,55,55,0.12625610828399658,0.12625610828399658,0.15792483022281373,3,6,14,0.33,0
10149,RB_DONE,6,6,6,6,3,3,6,0,0.33,0.12625610828399658,0.15792483022281373,-
10199,RB_START,51,55,55,0.11567336320877075,0.11567336320877075,0.13542223188697464,2,6,12,0.33,0
10199,RB_DONE,6,6,6,6,2,2,6,0,0.33,0.11567336320877075,0.13542223188697464,-
10249,RB_START,95,55,55,0.15084993839263916,0.15084993839263916,0.2349407985902629,11,6,14,0.33,0
10249,RB_DONE,6,6,6,6,11,11,6,0,0.33,0.15084993839263916,0.2349407985902629,-
10299,RB_START,87,55,55,0.12080734968185425,0.12080734968185425,0.21543348362471815,7,6,14,0.33,0
10299,RB_DONE,6,6,6,6,7,7,6,0,0.33,0.12080734968185425,0.21543348362471815,-
10349,RB_START,81,55,55,0.15237998962402344,0.15237998962402344,0.22976258869744154,10,6,14,0.33,0
10349,RB_DONE,6,6,6,6,10,10,6,0,0.33,0.15237998962402344,0.22976258869744154,-
10399,RB_START,73,55,55,0.11142027378082275,0.11142027378082275,0.1554270649276537,4,6,12,0.33,0
10399,RB_DONE,6,6,6,6,4,4,6,0,0.33,0.11142027378082275,0.1554270649276537,-
10449,RB_START,66,55,55,0.12259352207183838,0.12259352207183838,0.15879332622109996,4,6,14,0.33,0
10449,RB_DONE,6,6,6,6,4,4,6,0,0.33,0.12259352207183838,0.15879332622109996,-
10499,RB_START,59,55,55,0.11567336320877075,0.11567336320877075,0.15441195707369315,9,6,14,0.33,0
10499,RB_DONE,6,6,6,6,9,9,6,0,0.33,0.11567336320877075,0.15441195707369315,-
10549,RB_START,51,55,55,0.11793386936187744,0.11793386936187744,0.1450418604084615,7,6,14,0.33,0
10549,RB_DONE,6,6,6,6,7,7,6,0,0.33,0.11793386936187744,0.1450418604084615,-
10599,RB_START,95,55,55,0.1467740535736084,0.1467740535736084,0.21242811404088394,8,6,12,0.33,0
10599,RB_DONE,6,6,6,6,8,8,6,0,0.33,0.1467740535736084,0.21242811404088394,-
10649,RB_START,86,55,55,0.14735549688339233,0.14735549688339233,0.17727518538980847,7,6,14,0.33,0
10649,RB_DONE,6,6,6,6,7,7,6,0,0.33,0.14735549688339233,0.17727518538980847,-
10699,RB_START,77,55,55,0.12625610828399658,0.12625610828399658,0.14724033321852337,6,6,14,0.33,0
10699,RB_DONE,6,6,6,6,6,6,6,0,0.33,0.12625610828399658,0.14724033321852337,-
10749,RB_START,100,55,55,0.13252151012420654,0.13252151012420654,0.1694214323437004,7,6,14,0.33,0
10749,RB_DONE,6,6,6,6,7,7,6,0,0.33,0.13252151012420654,0.1694214323437004,-
10799,RB_START,71,55,55,0.12625610828399658,0.12625610828399658,0.18871253568636828,7,6,12,0.33,0
10799,RB_DONE,6,6,6,6,7,7,6,0,0.33,0.12625610828399658,0.18871253568636828,-
10848,RB_START,90,55,55,0.14368057250976562,0.14368057250976562,0.2089304352844975,11,6,14,0.33,0
10848,RB_DONE,6,6,6,6,11,11,6,0,0.33,0.14368057250976562,0.2089304352844975,-
10899,RB_START,72,55,55,0.1462496519088745,0.1462496519088745,0.19703045870970434,7,6,14,0.33,0
10899,RB_DONE,6,6,6,6,7,7,6,0,0.33,0.1462496519088745,0.19703045870970434,-
10949,RB_START,95,55,55,0.15237998962402344,0.15237998962402344,0.21105236949907666,9,6,14,0.33,0
10949,RB_DONE,6,6,6,6,9,9,6,0,0.33,0.15237998962402344,0.21105236949907666,-
10999,RB_START,71,55,55,0.11804521083831787,0.11804521083831787,0.17247624749238943,5,6,12,0.33,0
10999,RB_DONE,6,6,6,6,5,5,6,0,0.33,0.11804521083831787,0.17247624749238943,-
11049,RB_START,55,55,55,0.11341750621795654,0.11341750621795654,0.13676054918629652,6,6,14,0.33,0
11049,RB_DONE,6,6,6,6,6,6,6,0,0.33,0.11341750621795654,0.13676054918629652,-
11098,RB_START,96,55,55,0.12858670949935913,0.12858670949935913,0.19950666325557506,3,6,14,0.33,0
11098,RB_DONE,6,6,6,6,3,3,6,0,0.33,0.12858670949935913,0.19950666325557506,-
11149,RB_START,87,55,55,0.1289106011390686,0.1289106011390686,0.19377755223099438,7,6,14,0.33,0
11149,RB_DONE,6,6,6,6,7,7,6,0,0.33,0.1289106011390686,0.19377755223099438,-
11199,RB_START,79,55,55,0.11793386936187744,0.11793386936187744,0.1617479277792006,7,6,12,0.33,0
11199,RB_DONE,6,6,6,6,7,7,6,0,0.33,0.11793386936187744,0.1617479277792006,-
11249,RB_START,60,55,55,0.11341750621795654,0.11341750621795654,0.1575874773472357,7,6,14,0.33,0
11249,RB_DONE,6,6,6,6,7,7,6,0,0.33,0.11341750621795654,0.1575874773472357,-
11299,RB_START,99,55,55,0.15069591999053955,0.15069591999053955,0.20034416048113007,10,6,14,0.33,0
11299,RB_DONE,6,6,6,6,10,10,6,0,0.33,0.15069591999053955,0.20034416048113007,-
11349,RB_START,91,55,55,0.13629597425460815,0.13629597425460815,0.1995150103773675,6,6,14,0.33,0
11349,RB_DONE,6,6,6,6,6,6,6,0,0.33,0.13629597425460815,0.1995150103773675,-
11399,RB_START,77,55,55,0.13895785808563232,0.13895785808563232,0.2043851756901215,9,6,12,0.33,0
11399,RB_DONE,6,6,6,6,9,9,6,0,0.33,0.13895785808563232,0.2043851756901215,-
11449,RB_START,55,55,55,0.11513710021972656,0.11513710021972656,0.13433533580800228,5,6,14,0.33,0
11449,RB_DONE,6,6,6,6,5,5,6,0,0.33,0.11513710021972656,0.13433533580800228,-
11499,RB_START,91,55,55,0.12858670949935913,0.12858670949935913,0.17073436322254404,9,6,14,0.33,0
11499,RB_DONE,6,6,6,6,9,9,6,0,0.33,0.12858670949935913,0.17073436322254404,-
11549,RB_START,83,55,55,0.11567336320877075,0.11567336320877075,0.1900503297260932,6,6,14,0.33,0
11549,RB_DONE,6,6,6,6,6,6,6,0,0.33,0.11567336320877075,0.1900503297260932,-
11599,RB_START,77,55,55,0.1288127303123474,0.1288127303123474,0.16655723820293458,8,6,12,0.33,0
11599,RB_DONE,6,6,6,6,8,8,6,0,0.33,0.1288127303123474,0.16655723820293458,-
11649,RB_START,71,55,55,0.10901123285293579,0.10901123285293579,0.12389642111604285,2,6,14,0.33,0
11649,RB_DONE,6,6,6,6,2,2,6,0,0.33,0.10901123285293579,0.12389642111604285,-
11699,RB_START,65,55,55,0.10962235927581787,0.10962235927581787,0.1449777065629263,6,6,14,0.33,0
11699,RB_DONE,6,6,6,6,6,6,6,0,0.33,0.10962235927581787,0.1449777065629263,-
11749,RB_START,59,55,55,0.10962235927581787,0.10962235927581787,0.13029617713485842,8,6,14,0.33,0
11749,RB_DONE,6,6,6,6,8,8,6,0,0.33,0.10962235927581787,0.13029617713485842,-
11799,RB_START,53,55,55,0.09471869468688965,0.09471869468688965,0.10731497666433462,5,6,12,0.33,0
11799,RB_DONE,6,6,6,6,5,5,6,0,0.33,0.09471869468688965,0.10731497666433462,-
11849,RB_START,97,55,55,0.1099507212638855,0.1099507212638855,0.16379402505921212,5,6,14,0.33,0
11849,RB_DONE,6,6,6,6,5,5,6,0,0.33,0.1099507212638855,0.16379402505921212,-
11899,RB_START,91,55,55,0.1322852373123169,0.1322852373123169,0.18325607207493827,7,6,14,0.33,0
11899,RB_DONE,6,6,6,6,7,7,6,0,0.33,0.1322852373123169,0.18325607207493827,-
11949,RB_START,82,55,55,0.09471869468688965,0.09471869468688965,0.1121846490259618,5,6,14,0.33,0
11949,RB_DONE,6,6,6,6,5,5,6,0,0.33,0.09471869468688965,0.1121846490259618,-
11999,RB_START,76,55,55,0.09520888328552246,0.09520888328552246,0.1313492336490402,5,6,12,0.33,0
11999,RB_DONE,6,6,6,6,5,5,6,0,0.33,0.09520888328552246,0.1313492336490402,-
12049,RB_START,70,55,55,0.1049729585647583,0.1049729585647583,0.13975795971733004,5,6,14,0.33,0
12049,RB_DONE,6,6,6,6,5,5,6,0,0.33,0.1049729585647583,0.13975795971733004,-
12099,RB_START,60,55,55,0.10132694244384766,0.10132694244384766,0.12996645320304048,8,6,14,0.33,0
12099,RB_DONE,6,6,6,6,8,8,6,0,0.33,0.10132694244384766,0.12996645320304048,-
12149,RB_START,89,55,55,0.11711180210113525,0.11711180210113525,0.14137362196933792,5,6,14,0.33,0
12149,RB_DONE,6,6,6,6,5,5,6,0,0.33,0.11711180210113525,0.14137362196933792,-
12199,RB_START,79,55,55,0.11567336320877075,0.11567336320877075,0.13356482774517645,4,6,12,0.33,0
12199,RB_DONE,6,6,6,6,4,4,6,0,0.33,0.11567336320877075,0.13356482774517645,-
12249,RB_START,71,55,55,0.11341750621795654,0.11341750621795654,0.13615230727763583,4,6,14,0.33,0
12249,RB_DONE,6,6,6,6,4,4,6,0,0.33,0.11341750621795654,0.13615230727763583,-
12299,RB_START,65,55,55,0.10132694244384766,0.10132694244384766,0.14333732884226463,4,6,14,0.33,0
12299,RB_DONE,6,6,6,6,4,4,6,0,0.33,0.10132694244384766,0.14333732884226463,-
12349,RB_START,59,55,55,0.10132694244384766,0.10132694244384766,0.11974908253473338,8,6,14,0.33,0
12349,RB_DONE,6,6,6,6,8,8,6,0,0.33,0.10132694244384766,0.11974908253473338,-
12399,RB_START,52,55,55,0.0920184850692749,0.0920184850692749,0.10909287814570588,2,6,12,0.33,0
12399,RB_DONE,6,6,6,6,2,2,6,0,0.33,0.0920184850692749,0.10909287814570588,-
12449,RB_START,96,50,50,0.09255534410476685,0.09255534410476685,0.12710390615565426,1,6,14,0.33,0
12449,RB_DONE,6,6,6,6,1,0,6,1,0.33,0.09255534410476685,0.12710390615565426,-
12499,RB_START,86,55,55,0.11513710021972656,0.11513710021972656,0.16149735494213838,4,6,14,0.33,0
12499,RB_DONE,6,6,6,6,4,4,6,0,0.33,0.11513710021972656,0.16149735494213838,-
12549,RB_START,65,55,55,0.09346538782119751,0.09346538782119751,0.1301932374620512,4,6,14,0.33,0
12549,RB_DONE,6,6,6,6,4,4,6,0,0.33,0.09346538782119751,0.1301932374620512,-
12599,RB_START,95,55,55,0.12080734968185425,0.12080734968185425,0.1912886087912214,9,6,12,0.33,0
12599,RB_DONE,6,6,6,6,9,9,6,0,0.33,0.12080734968185425,0.1912886087912214,-
12649,RB_START,69,55,55,0.11567336320877075,0.11567336320877075,0.14416864348832775,11,6,14,0.33,0
12649,RB_DONE,6,6,6,6,11,11,6,0,0.33,0.11567336320877075,0.14416864348832775,-
12699,RB_START,96,55,55,0.13929897546768188,0.13929897546768188,0.17528055259363215,10,6,14,0.33,0
12699,RB_DONE,6,6,6,6,10,10,6,0,0.33,0.13929897546768188,0.17528055259363215,-
12749,RB_START,71,55,55,0.11567336320877075,0.11567336320877075,0.14634686185683038,12,6,14,0.33,0
12749,RB_DONE,6,6,6,6,12,12,6,0,0.33,0.11567336320877075,0.14634686185683038,-
12796,RB_START,55,55,55,0.09527343511581421,0.09527343511581421,0.12817713774190254,7,6,12,0.33,0
12796,RB_DONE,6,6,6,6,7,7,6,0,0.33,0.09527343511581421,0.12817713774190254,-
1049,RB_START,38,55,55,0.04445374011993408,0.04445374011993408,0.07540891063101958,2,6,12,0.33,0
1049,RB_DONE,6,6,6,6,2,2,6,0,0.33,0.04445374011993408,0.07540891063101958,-
1099,RB_START,80,55,55,0.046747565269470215,0.046747565269470215,0.08379227812660979,1,6,12,0.33,0
1099,RB_DONE,6,6,6,6,1,1,6,0,0.33,0.046747565269470215,0.08379227812660979,-
1149,RB_START,54,55,55,0.046150028705596924,0.046150028705596924,0.0619220042605376,2,6,12,0.33,0
1149,RB_DONE,6,6,6,6,2,2,6,0,0.33,0.046150028705596924,0.0619220042605376,-
1199,RB_START,92,50,50,0.04547518491744995,0.04547518491744995,0.10951565456793928,1,6,12,0.33,0
1199,RB_DONE,6,6,6,6,1,0,6,1,0.33,0.04547518491744995,0.10951565456793928,-
1249,RB_START,80,55,55,0.06484013795852661,0.06484013795852661,0.09356303592000856,5,6,12,0.33,0
1249,RB_DONE,6,6,6,6,5,5,6,0,0.33,0.06484013795852661,0.09356303592000856,-
1299,RB_START,64,55,55,0.058970749378204346,0.058970749378204346,0.09042083714594971,3,6,12,0.33,0
1299,RB_DONE,6,6,6,6,3,3,6,0,0.33,0.058970749378204346,0.09042083714594971,-
1349,RB_START,54,55,55,0.054226815700531006,0.054226815700531006,0.07251759491957815,3,6,12,0.33,0
1349,RB_DONE,6,6,6,6,3,3,6,0,0.33,0.054226815700531006,0.07251759491957815,-
1399,RB_START,97,55,55,0.051969170570373535,0.051969170570373535,0.06640995698425516,2,6,12,0.33,0
1399,RB_DONE,6,6,6,6,2,2,6,0,0.33,0.051969170570373535,0.06640995698425516,-
1449,RB_START,91,55,55,0.04651719331741333,0.04651719331741333,0.057688050014605016,2,6,13,0.33,0
1449,RB_DONE,6,6,6,6,2,2,6,0,0.33,0.04651719331741333,0.057688050014605016,-
1499,RB_START,85,55,55,0.04710555076599121,0.04710555076599121,0.057718916173546915,3,6,14,0.33,0
1499,RB_DONE,6,6,6,6,3,3,6,0,0.33,0.04710555076599121,0.057718916173546915,-
1549,RB_START,79,55,55,0.051252901554107666,0.051252901554107666,0.062235354460101665,6,6,14,0.33,0
1549,RB_DONE,6,6,6,6,6,6,6,0,0.33,0.051252901554107666,0.062235354460101665,-
1599,RB_START,73,55,55,0.041917502880096436,0.041917502880096436,0.05539638687850206,2,6,12,0.33,0
1599,RB_DONE,6,6,6,6,2,2,6,0,0.33,0.041917502880096436,0.05539638687850206,-
1649,RB_START,67,55,55,0.04481804370880127,0.04481804370880127,0.05960998457231476,4,6,14,0.33,0
1649,RB_DONE,6,6,6,6,4,4,6,0,0.33,0.04481804370880127,0.05960998457231476,-
1699,RB_START,61,55,55,0.042051851749420166,0.042051851749420166,0.04788668660910274,7,6,14,0.33,0
1699,RB_DONE,6,6,6,6,7,7,6,0,0.33,0.042051851749420166,0.04788668660910274,-
1749,RB_START,55,55,55,0.04651719331741333,0.04651719331741333,0.07194870996202112,4,6,14,0.33,0
1749,RB_DONE,6,6,6,6,4,4,6,0,0.33,0.04651719331741333,0.07194870996202112,-
1799,RB_START,99,55,55,0.050055086612701416,0.050055086612701416,0.06343176999011119,5,6,12,0.33,0
1799,RB_DONE,6,6,6,6,5,5,6,0,0.33,0.050055086612701416,0.06343176999011119,-
1849,RB_START,93,55,55,0.040740132331848145,0.040740132331848145,0.0596008305708558,6,6,14,0.33,0
1849,RB_DONE,6,6,6,6,6,6,6,0,0.33,0.040740132331848145,0.0596008305708558,-
1899,RB_START,87,55,55,0.06588923931121826,0.06588923931121826,0.07444348892247751,5,6,14,0.33,0
1899,RB_DONE,6,6,6,6,5,5,6,0,0.33,0.06588923931121826,0.07444348892247751,-
1949,RB_START,81,55,55,0.03645610809326172,0.03645610809326172,0.05020526898544649,6,6,14,0.33,0
1949,RB_DONE,6,6,6,6,6,6,6,0,0.33,0.03645610809326172,0.05020526898544649,-
1999,RB_START,75,55,55,0.03508174419403076,0.03508174419403076,0.05037955089592244,5,6,12,0.33,0
1999,RB_DONE,6,6,6,6,5,5,6,0,0.33,0.03508174419403076,0.05037955089592244,-
2049,RB_START,69,55,55,0.03645610809326172,0.03645610809326172,0.05261454069907129,3,6,14,0.33,0
2049,RB_DONE,6,6,6,6,3,3,6,0,0.33,0.03645610809326172,0.05261454069907129,-
2099,RB_START,63,55,55,0.03225553035736084,0.03225553035736084,0.043095794751073946,5,6,14,0.33,0
2099,RB_DONE,6,6,6,6,5,5,6,0,0.33,0.03225553035736084,0.043095794751073946,-
2149,RB_START,57,55,55,0.0471724271774292,0.0471724271774292,0.07395923341540316,6,6,14,0.33,0
2149,RB_DONE,6,6,6,6,6,6,6,0,0.33,0.0471724271774292,0.07395923341540316,-
2199,RB_START,51,55,55,0.03262442350387573,0.03262442350387573,0.05001451945642728,4,6,12,0.33,0
2199,RB_DONE,6,6,6,6,4,4,6,0,0.33,0.03262442350387573,0.05001451945642728,-
2249,RB_START,95,55,55,0.04448843002319336,0.04448843002319336,0.058705126929653746,5,6,14,0.33,0
2249,RB_DONE,6,6,6,6,5,5,6,0,0.33,0.04448843002319336,0.058705126929653746,-
2299,RB_START,89,55,55,0.03168845176696777,0.03168845176696777,0.04794833254104043,5,6,14,0.33,0
2299,RB_DONE,6,6,6,6,5,5,6,0,0.33,0.03168845176696777,0.04794833254104043,-
2349,RB_START,83,55,55,0.031404197216033936,0.031404197216033936,0.04314488357633997,5,6,14,0.33,0
2349,RB_DONE,6,6,6,6,5,5,6,0,0.33,0.031404197216033936,0.04314488357633997,-
2399,RB_START,77,55,55,0.030892014503479004,0.030892014503479004,0.037365837417965925,4,6,12,0.33,0
2399,RB_DONE,6,6,6,6,4,4,6,0,0.33,0.030892014503479004,0.037365837417965925,-
2449,RB_START,71,55,55,0.02701544761657715,0.02701544761657715,0.03428040698343031,5,6,14,0.33,0
2449,RB_DONE,6,6,6,6,5,5,6,0,0.33,0.02701544761657715,0.03428040698343031,-
2499,RB_START,65,55,55,0.02750265598297119,0.02750265598297119,0.04067535242799182,8,6,14,0.33,0
2499,RB_DONE,6,6,6,6,8,8,6,0,0.33,0.02750265598297119,0.04067535242799182,-
2549,RB_START,59,55,55,0.03304678201675415,0.03304678201675415,0.055912517386062816,3,6,14,0.33,0
2549,RB_DONE,6,6,6,6,3,3,6,0,0.33,0.03304678201675415,0.055912517386062816,-
2599,RB_START,53,55,55,0.03854238986968994,0.03854238986968994,0.06438260345007903,3,6,12,0.33,0
2599,RB_DONE,6,6,6,6,3,3,6,0,0.33,0.03854238986968994,0.06438260345007903,-
2649,RB_START,97,55,55,0.03472346067428589,0.03472346067428589,0.054853298911891314,11,6,14,0.33,0
2649,RB_DONE,6,6,6,6,11,11,6,0,0.33,0.03472346067428589,0.054853298911891314,-
